{
  "train": {
    "threshold": 0.4,
    "accuracy": 0.981029810298103,
    "recall_malignant": 0.9855072463768116,
    "precision_malignant": 0.9645390070921985,
    "f1_malignant": 0.974910394265233,
    "recall_benign": 0.9783549783549783,
    "auc_roc": 0.9979923458184328,
    "average_precision": 0.4139628571181744
  },
  "test": {
    "threshold": 0.4,
    "accuracy": 0.9473684210526315,
    "recall_malignant": 0.9761904761904762,
    "precision_malignant": 0.8913043478260869,
    "f1_malignant": 0.9318181818181818,
    "recall_benign": 0.9305555555555556,
    "auc_roc": 0.9937169312169312,
    "average_precision": 0.42259077845493637
  },
  "gaps": {
    "accuracy_gap": 0.03366138924547146,
    "recall_gap": 0.009316770186335477,
    "auc_gap": 0.004275414601501604
  }
}